Município,Bairro
Fortaleza,Aerolândia
Fortaleza,Aeroporto
Fortaleza,Aldeota
Fortaleza,Alto Alegre
Fortaleza,Alto da Balança
Fortaleza,Álvaro Weyne
Fortaleza,Amadeu Furtado
Fortaleza,Ancuri
Fortaleza,Antônio Bezerra
Fortaleza,Antônio Diogo
Fortaleza,Autran Nunes
Fortaleza,Barra do Ceará
Fortaleza,Barroso
Fortaleza,Bela Vista
Fortaleza,Benfica
Fortaleza,Boa Vista
Fortaleza,Bom Futuro
Fortaleza,Bom Jardim
Fortaleza,Bonsucesso
Fortaleza,Cachoeirinha
Fortaleza,Cais do Porto
Fortaleza,Cajazeiras
Fortaleza,Cambeba
Fortaleza,Canindezinho
Fortaleza,Carlito Pamplona
Fortaleza,Centro
Fortaleza,Cidade 2000
Fortaleza,Cidade dos Funcionários
Fortaleza,Coaçu
Fortaleza,Cocó
Fortaleza,Conjunto Ceará
Fortaleza,Conjunto Esperança
Fortaleza,Conjunto Palmeiras
Fortaleza,Couto Fernandes
Fortaleza,Cristo Redentor
Fortaleza,Curió
Fortaleza,Damas
Fortaleza,De Lourdes
Fortaleza,Demócrito Rocha
Fortaleza,Dendê
Fortaleza,Dias Macedo
Fortaleza,Dionísio Torres
Fortaleza,Dom Lustosa
Fortaleza,Edson Queiroz
Fortaleza,Engenheiro Luciano Cavalcante
Fortaleza,Farias Brito
Fortaleza,Fátima
Fortaleza,Floresta
Fortaleza,Granja Lisboa
Fortaleza,Granja Portugal
Fortaleza,Guajiru
Fortaleza,Henrique Jorge
Fortaleza,Itaoca
Fortaleza,Itaperi
Fortaleza,Jacarecanga
Fortaleza,Jangurussu
Fortaleza,Jardim América
Fortaleza,Jardim Cearense
Fortaleza,Jardim das Oliveiras
Fortaleza,Jardim Guanabara
Fortaleza,Jardim Iracema
Fortaleza,João XXIII
Fortaleza,Joaquim Távora
Fortaleza,Jóquei Clube
Fortaleza,José Bonifácio
Fortaleza,José de Alencar
Fortaleza,Lagoa Redonda
Fortaleza,Manoel Dias Branco
Fortaleza,Manuel Sátiro
Fortaleza,Maraponga
Fortaleza,Meireles
Fortaleza,Messejana
Fortaleza,Mondubim
Fortaleza,Monte Castelo
Fortaleza,Montese
Fortaleza,Moura Brasil
Fortaleza,Mucuripe
Fortaleza,Novo Mondubim
Fortaleza,Olavo Oliveira
Fortaleza,Padre Andrade
Fortaleza,Pan Americano
Fortaleza,Papicu
Fortaleza,Parangaba
Fortaleza,Parque Araxá
Fortaleza,Parque Dois Irmãos
Fortaleza,Parque Genibaú
Fortaleza,Parque Iracema
Fortaleza,Parque Manibura
Fortaleza,Parque Presidente Vargas
Fortaleza,Parque Santa Maria
Fortaleza,Parque Santa Rosa
Fortaleza,Parque São José
Fortaleza,Parquelândia
Fortaleza,Parreão
Fortaleza,Passaré
Fortaleza,Patriolino Ribeiro
Fortaleza,Paupina
Fortaleza,Pedras
Fortaleza,Pici
Fortaleza,Pirambu
Fortaleza,Planalto Ayrton Senna
Fortaleza,Praia de Iracema
Fortaleza,Prefeito José Walter
Fortaleza,Presidente Kennedy
Fortaleza,Quintino Cunha
Fortaleza,Rodolfo Teófilo
Fortaleza,Sabiaguaba
Fortaleza,Salinas
Fortaleza,São Bento
Fortaleza,São Gerardo
Fortaleza,São João do Tauape
Fortaleza,Sapiranga
Fortaleza,Serrinha
Fortaleza,Siqueira
Fortaleza,Varjota
Fortaleza,Vicente Pinzon
Fortaleza,Vila Ellery
Fortaleza,Vila Peri
Fortaleza,Vila União
Fortaleza,Vila Velha
Fortaleza,Coité
